,support,itemsets
0,0.102272727273,['GI_10047091-S']
1,0.102272727273,['GI_10047093-S']
2,0.102272727273,['GI_10047103-S']
3,0.102272727273,['GI_10047133-A']
4,0.102272727273,['GI_10092596-S']
5,0.102272727273,['GI_10092600-S']
6,0.102272727273,['GI_10092616-S']
7,0.102272727273,['GI_10092618-S']
8,0.102272727273,['GI_10092672-S']
9,0.102272727273,['GI_10190705-S']
10,0.102272727273,['GI_10190745-S']
11,0.102272727273,['GI_10257436-S']
12,0.102272727273,['GI_10337596-S']
13,0.102272727273,['GI_10346134-S']
14,0.102272727273,['GI_10440565-S']
15,0.102272727273,['GI_10442821-S']
16,0.102272727273,['GI_10518496-S']
17,0.102272727273,['GI_10518498-S']
18,0.102272727273,['GI_10518499-S']
19,0.102272727273,['GI_10518505-A']
20,0.102272727273,['GI_10518505-I']
21,0.102272727273,['GI_10567815-I']
22,0.102272727273,['GI_10800147-S']
23,0.102272727273,['GI_10800411-S']
24,0.102272727273,['GI_10800413-S']
25,0.102272727273,['GI_10800414-S']
26,0.102272727273,['GI_10800415-S']
27,0.102272727273,['GI_10800416-S']
28,0.102272727273,['GI_10800418-S']
29,0.102272727273,['GI_10801344-S']
30,0.102272727273,['GI_10834965-S']
31,0.102272727273,['GI_10834989-A']
32,0.102272727273,['GI_10835001-S']
33,0.102272727273,['GI_10835009-S']
34,0.102272727273,['GI_10835020-S']
35,0.102272727273,['GI_10835022-S']
36,0.102272727273,['GI_10835024-S']
37,0.102272727273,['GI_10835046-S']
38,0.102272727273,['GI_10835048-S']
39,0.102272727273,['GI_10835070-S']
40,0.102272727273,['GI_10835084-S']
41,0.102272727273,['GI_10835100-S']
42,0.102272727273,['GI_10835118-S']
43,0.102272727273,['GI_10835168-S']
44,0.102272727273,['GI_10835174-S']
45,0.102272727273,['GI_10835186-S']
46,0.102272727273,['GI_10835229-S']
47,0.102272727273,['GI_10862690-S']
48,0.102272727273,['GI_10862697-S']
49,0.102272727273,['GI_10863870-S']
50,0.102272727273,['GI_10863874-S']
51,0.102272727273,['GI_10863878-S']
52,0.102272727273,['GI_10863902-S']
53,0.102272727273,['GI_10863908-S']
54,0.102272727273,['GI_10863934-S']
55,0.102272727273,['GI_10863946-S']
56,0.102272727273,['GI_10863950-S']
57,0.102272727273,['GI_10863972-S']
58,0.102272727273,['GI_10863984-S']
59,0.102272727273,['GI_10863994-S']
60,0.102272727273,['GI_10863996-S']
61,0.102272727273,['GI_10864008-I']
62,0.102272727273,['GI_10864010-S']
63,0.102272727273,['GI_10864012-S']
64,0.102272727273,['GI_10864016-S']
65,0.102272727273,['GI_10864022-S']
66,0.102272727273,['GI_10864024-S']
67,0.102272727273,['GI_10864030-S']
68,0.102272727273,['GI_10864046-S']
69,0.102272727273,['GI_10864649-S']
70,0.102272727273,['GI_10880123-A']
71,0.102272727273,['GI_10938009-A']
72,0.102272727273,['GI_10938012-S']
73,0.102272727273,['GI_10938013-S']
74,0.102272727273,['GI_10938020-S']
75,0.102272727273,['GI_10938021-S']
76,0.102272727273,['GI_10947030-S']
77,0.102272727273,['GI_10947032-S']
78,0.102272727273,['GI_10947033-S']
79,0.102272727273,['GI_10947034-S']
80,0.102272727273,['GI_10947053-A']
81,0.102272727273,['GI_10947058-S']
82,0.102272727273,['GI_10947125-S']
83,0.102272727273,['GI_10947134-S']
84,0.102272727273,['GI_11024697-S']
85,0.102272727273,['GI_11024703-S']
86,0.102272727273,['GI_11034834-I']
87,0.102272727273,['GI_11034854-S']
88,0.102272727273,['GI_11036639-S']
89,0.102272727273,['GI_11037054-S']
90,0.102272727273,['GI_11037056-S']
91,0.102272727273,['GI_11037060-A']
92,0.102272727273,['GI_11037062-S']
93,0.102272727273,['GI_11037064-S']
94,0.102272727273,['GI_11038618-S']
95,0.102272727273,['GI_11038623-S']
96,0.102272727273,['GI_11038640-A']
97,0.102272727273,['GI_11038642-A']
98,0.102272727273,['GI_11038644-I']
99,0.102272727273,['GI_11038645-S']
100,0.102272727273,['GI_11038650-S']
101,0.102272727273,['GI_11038661-S']
102,0.102272727273,['GI_11038670-S']
103,0.102272727273,['GI_11055991-S']
104,0.102272727273,['GI_11056009-S']
105,0.102272727273,['GI_11056011-S']
106,0.102272727273,['GI_11056017-S']
107,0.102272727273,['GI_11056035-S']
108,0.102272727273,['GI_11056053-S']
109,0.102272727273,['GI_11063982-S']
110,0.102272727273,['GI_11072092-I']
111,0.102272727273,['GI_11072100-S']
112,0.102272727273,['GI_11079227-S']
113,0.102272727273,['GI_11096339-S']
114,0.102272727273,['GI_11119413-S']
115,0.102272727273,['GI_11119427-S']
116,0.102272727273,['GI_11125767-S']
117,0.102272727273,['GI_11125769-S']
118,0.102272727273,['GI_11140810-S']
119,0.102272727273,['GI_11141876-S']
120,0.102272727273,['GI_11141886-S']
121,0.102272727273,['GI_11141892-S']
122,0.102272727273,['GI_11141898-S']
123,0.102272727273,['GI_11184225-S']
124,0.102272727273,['GI_11277467-I']
125,0.102272727273,['GI_11277469-A']
126,0.102272727273,['GI_11321580-S']
127,0.102272727273,['GI_11321582-S']
128,0.102272727273,['GI_11321592-S']
129,0.102272727273,['GI_11321604-S']
130,0.102272727273,['GI_11321616-S']
131,0.102272727273,['GI_11321629-S']
132,0.102272727273,['GI_11345453-S']
133,0.102272727273,['GI_11345471-S']
134,0.102272727273,['GI_11345479-S']
135,0.102272727273,['GI_11345483-S']
136,0.102272727273,['GI_11345485-S']
137,0.102272727273,['GI_11386146-S']
138,0.102272727273,['GI_11386174-A']
139,0.102272727273,['GI_11386184-S']
140,0.102272727273,['GI_11386190-S']
141,0.102272727273,['GI_11386200-S']
142,0.102272727273,['GI_11415035-S']
143,0.102272727273,['GI_11496238-S']
144,0.102272727273,['GI_11496268-S']
145,0.102272727273,['GI_11496880-S']
146,0.102272727273,['GI_11496890-S']
147,0.102272727273,['GI_11496970-A']
148,0.102272727273,['GI_11496977-S']
149,0.102272727273,['GI_11496979-S']
150,0.102272727273,['GI_11496985-S']
151,0.102272727273,['GI_11496988-S']
152,0.102272727273,['GI_11496989-S']
153,0.102272727273,['GI_11496991-S']
154,0.102272727273,['GI_11496992-S']
155,0.102272727273,['GI_11497001-S']
156,0.102272727273,['GI_11497005-A']
157,0.102272727273,['GI_11497611-A']
158,0.102272727273,['GI_11545742-S']
159,0.102272727273,['GI_11545760-S']
160,0.102272727273,['GI_11545764-S']
161,0.102272727273,['GI_11545766-S']
162,0.102272727273,['GI_11545768-S']
163,0.102272727273,['GI_11545792-S']
164,0.102272727273,['GI_11545800-S']
165,0.102272727273,['GI_11545834-S']
166,0.102272727273,['GI_11545846-I']
167,0.102272727273,['GI_11545860-S']
168,0.102272727273,['GI_11545913-S']
169,0.102272727273,['GI_11545919-S']
170,0.102272727273,['GI_11559926-S']
171,0.102272727273,['GI_11560140-S']
172,0.102272727273,['GI_11612654-S']
173,0.102272727273,['GI_11612658-S']
174,0.102272727273,['GI_11641260-S']
175,0.102272727273,['GI_11641403-S']
176,0.102272727273,['GI_11641410-A']
177,0.102272727273,['GI_11641417-S']
178,0.102272727273,['GI_11641422-A']
179,0.102272727273,['GI_11761614-A']
180,0.102272727273,['GI_11761623-A']
181,0.102272727273,['GI_11761623-I']
182,0.102272727273,['GI_11863127-A']
183,0.102272727273,['GI_11863151-S']
184,0.102272727273,['GI_11863157-S']
185,0.102272727273,['GI_11863158-S']
186,0.102272727273,['GI_11863160-A']
187,0.102272727273,['GI_11967986-S']
188,0.102272727273,['GI_11968022-S']
189,0.102272727273,['GI_11968026-S']
190,0.102272727273,['GI_11968040-S']
191,0.102272727273,['GI_11968044-S']
192,0.102272727273,['GI_11968046-S']
193,0.102272727273,['GI_11968048-S']
194,0.102272727273,['GI_11968050-S']
195,0.102272727273,['GI_11968052-S']
196,0.102272727273,['GI_11993942-S']
197,0.102272727273,['GI_11995467-S']
198,0.102272727273,['GI_12025664-S']
199,0.102272727273,['GI_12025669-S']
200,0.102272727273,['GI_12025672-A']
201,0.102272727273,['GI_12056462-S']
202,0.102272727273,['GI_12056464-S']
203,0.102272727273,['GI_12056467-A']
204,0.102272727273,['GI_12056469-S']
205,0.102272727273,['GI_12056472-S']
206,0.102272727273,['GI_12056477-S']
207,0.102272727273,['GI_12056970-S']
208,0.102272727273,['GI_12225239-S']
209,0.102272727273,['GI_12232372-S']
210,0.102272727273,['GI_12232384-S']
211,0.102272727273,['GI_12232386-S']
212,0.102272727273,['GI_12232388-S']
213,0.102272727273,['GI_12232392-S']
214,0.102272727273,['GI_12232394-S']
215,0.102272727273,['GI_12232400-S']
216,0.102272727273,['GI_12232402-S']
217,0.102272727273,['GI_12232414-S']
218,0.102272727273,['GI_12232418-S']
219,0.102272727273,['GI_12232428-S']
220,0.102272727273,['GI_12232430-S']
221,0.102272727273,['GI_12232436-S']
222,0.102272727273,['GI_12232446-S']
223,0.102272727273,['GI_12232456-S']
224,0.102272727273,['GI_12232472-S']
225,0.102272727273,['GI_12232478-S']
226,0.102272727273,['GI_12383050-S']
227,0.102272727273,['GI_12383052-S']
228,0.102272727273,['GI_12383061-S']
229,0.102272727273,['GI_12383063-S']
230,0.102272727273,['GI_12383073-S']
231,0.102272727273,['GI_12383075-S']
232,0.102272727273,['GI_12408641-S']
233,0.102272727273,['GI_12408642-S']
234,0.102272727273,['GI_12408645-S']
235,0.102272727273,['GI_12408650-S']
236,0.102272727273,['GI_12408653-S']
237,0.102272727273,['GI_12408655-S']
238,0.102272727273,['GI_12408664-A']
239,0.102272727273,['GI_12408674-S']
240,0.102272727273,['GI_12408676-S']
241,0.102272727273,['GI_12545386-S']
242,0.102272727273,['GI_12545388-S']
243,0.102272727273,['GI_12545396-I']
244,0.102272727273,['GI_12545398-S']
245,0.102272727273,['GI_12545403-S']
246,0.102272727273,['GI_12545405-A']
247,0.102272727273,['GI_12548775-S']
248,0.102272727273,['GI_12597621-S']
249,0.102272727273,['GI_12597624-S']
250,0.102272727273,['GI_12597630-S']
251,0.102272727273,['GI_12597652-S']
252,0.102272727273,['GI_12597656-S']
253,0.102272727273,['GI_12597658-S']
254,0.102272727273,['GI_12621918-S']
255,0.102272727273,['GI_12669906-S']
256,0.102272727273,['GI_12669913-S']
257,0.102272727273,['GI_12669916-S']
258,0.102272727273,['GI_12707561-I']
259,0.102272727273,['GI_12707565-S']
260,0.102272727273,['GI_12707569-S']
261,0.102272727273,['GI_12707571-A']
262,0.102272727273,['GI_12751492-S']
263,0.102272727273,['GI_12751496-S']
264,0.102272727273,['GI_12957487-S']
265,0.102272727273,['GI_12963480-S']
266,0.102272727273,['GI_12965190-S']
267,0.102272727273,['GI_12965196-S']
268,0.102272727273,['GI_13027379-S']
269,0.102272727273,['GI_13027599-S']
270,0.102272727273,['GI_13027601-S']
271,0.102272727273,['GI_13027603-S']
272,0.102272727273,['GI_13027629-S']
273,0.102272727273,['GI_13027635-S']
274,0.102272727273,['GI_13027637-S']
275,0.102272727273,['GI_13027654-A']
276,0.102272727273,['GI_13112047-A']
277,0.102272727273,['GI_13112053-S']
278,0.102272727273,['GI_13123771-S']
279,0.102272727273,['GI_13124772-S']
280,0.102272727273,['GI_13124878-A']
281,0.102272727273,['GI_13124880-A']
282,0.102272727273,['GI_13124889-S']
283,0.102272727273,['GI_13128859-S']
284,0.102272727273,['GI_13128861-S']
285,0.102272727273,['GI_13128863-S']
286,0.102272727273,['GI_13128866-S']
287,0.102272727273,['GI_13128967-S']
288,0.102272727273,['GI_13128993-S']
289,0.102272727273,['GI_13128995-S']
290,0.102272727273,['GI_13128997-S']
291,0.102272727273,['GI_13129005-S']
292,0.102272727273,['GI_13129013-S']
293,0.102272727273,['GI_13129023-S']
294,0.102272727273,['GI_13129061-S']
295,0.102272727273,['GI_13129063-S']
296,0.102272727273,['GI_13129067-S']
297,0.102272727273,['GI_13129087-S']
298,0.102272727273,['GI_13129091-S']
299,0.102272727273,['GI_13129093-S']
300,0.102272727273,['GI_13129099-S']
301,0.102272727273,['GI_13129101-S']
302,0.102272727273,['GI_13129105-S']
303,0.102272727273,['GI_13129115-S']
304,0.102272727273,['GI_13129117-A']
305,0.102272727273,['GI_13129119-S']
306,0.102272727273,['GI_13129121-S']
307,0.102272727273,['GI_13129135-S']
308,0.102272727273,['GI_13129141-S']
309,0.102272727273,['GI_13129143-S']
310,0.102272727273,['GI_13162281-S']
311,0.102272727273,['GI_13186319-A']
312,0.102272727273,['GI_13194196-S']
313,0.102272727273,['GI_13236519-S']
314,0.102272727273,['GI_13236539-S']
315,0.102272727273,['GI_13236552-S']
316,0.102272727273,['GI_13236574-S']
317,0.102272727273,['GI_13236578-S']
318,0.102272727273,['GI_13236584-S']
319,0.102272727273,['GI_13236586-S']
320,0.102272727273,['GI_13236596-S']
321,0.102272727273,['GI_13259500-A']
322,0.102272727273,['GI_13259504-S']
323,0.102272727273,['GI_13259507-A']
324,0.102272727273,['GI_13259511-A']
325,0.102272727273,['GI_13259519-S']
326,0.102272727273,['GI_13259538-S']
327,0.102272727273,['GI_13259542-A']
328,0.102272727273,['GI_13259551-A']
329,0.102272727273,['GI_13324681-S']
330,0.102272727273,['GI_13325056-S']
331,0.102272727273,['GI_13325058-S']
332,0.102272727273,['GI_13325059-S']
333,0.102272727273,['GI_13325060-S']
334,0.102272727273,['GI_13325063-S']
335,0.102272727273,['GI_13325065-S']
336,0.102272727273,['GI_13325074-S']
337,0.102272727273,['GI_13375617-S']
338,0.102272727273,['GI_13375645-S']
339,0.102272727273,['GI_13375659-S']
340,0.102272727273,['GI_13375663-S']
341,0.102272727273,['GI_13375675-S']
342,0.102272727273,['GI_13375689-S']
343,0.102272727273,['GI_13375694-S']
344,0.102272727273,['GI_13375700-S']
345,0.102272727273,['GI_13375704-S']
346,0.102272727273,['GI_13375737-S']
347,0.102272727273,['GI_13375741-S']
348,0.102272727273,['GI_13375755-S']
349,0.102272727273,['GI_13375757-S']
350,0.102272727273,['GI_13375778-S']
351,0.102272727273,['GI_13375784-S']
352,0.102272727273,['GI_13375790-S']
353,0.102272727273,['GI_13375806-S']
354,0.102272727273,['GI_13375816-S']
355,0.102272727273,['GI_13375845-S']
356,0.102272727273,['GI_13375859-S']
357,0.102272727273,['GI_13375882-S']
358,0.102272727273,['GI_13375886-S']
359,0.102272727273,['GI_13375890-A']
360,0.102272727273,['GI_13375900-S']
361,0.102272727273,['GI_13375925-S']
362,0.102272727273,['GI_13375978-S']
363,0.102272727273,['GI_13375980-S']
364,0.102272727273,['GI_13375984-S']
365,0.102272727273,['GI_13375996-S']
366,0.102272727273,['GI_13376006-S']
367,0.102272727273,['GI_13376012-S']
368,0.102272727273,['GI_13376030-A']
369,0.102272727273,['GI_13376061-S']
370,0.102272727273,['GI_13376087-S']
371,0.102272727273,['GI_13376090-S']
372,0.102272727273,['GI_13376161-S']
373,0.102272727273,['GI_13376182-S']
374,0.102272727273,['GI_13376199-S']
375,0.102272727273,['GI_13376201-S']
376,0.102272727273,['GI_13376207-S']
377,0.102272727273,['GI_13376227-S']
378,0.102272727273,['GI_13376229-S']
379,0.102272727273,['GI_13376239-S']
380,0.102272727273,['GI_13376244-S']
381,0.102272727273,['GI_13376246-S']
382,0.102272727273,['GI_13376252-S']
383,0.102272727273,['GI_13376266-S']
384,0.102272727273,['GI_13376287-S']
385,0.102272727273,['GI_13376291-S']
386,0.102272727273,['GI_13376305-S']
387,0.102272727273,['GI_13376321-S']
388,0.102272727273,['GI_13376328-S']
389,0.102272727273,['GI_13376330-S']
390,0.102272727273,['GI_13376338-S']
391,0.102272727273,['GI_13376342-S']
392,0.102272727273,['GI_13376346-S']
393,0.102272727273,['GI_13376368-S']
394,0.102272727273,['GI_13376370-S']
395,0.102272727273,['GI_13376379-S']
396,0.102272727273,['GI_13376403-S']
397,0.102272727273,['GI_13376420-S']
398,0.102272727273,['GI_13376422-S']
399,0.102272727273,['GI_13376428-S']
400,0.102272727273,['GI_13376430-S']
401,0.102272727273,['GI_13376446-S']
402,0.102272727273,['GI_13376473-S']
403,0.102272727273,['GI_13376477-S']
404,0.102272727273,['GI_13376499-S']
405,0.102272727273,['GI_13376528-S']
406,0.102272727273,['GI_13376532-S']
407,0.102272727273,['GI_13376551-S']
408,0.102272727273,['GI_13376553-S']
409,0.102272727273,['GI_13376557-S']
410,0.102272727273,['GI_13376622-S']
411,0.102272727273,['GI_13376635-S']
412,0.102272727273,['GI_13376659-S']
413,0.102272727273,['GI_13376664-S']
414,0.102272727273,['GI_13376668-S']
415,0.102272727273,['GI_13376672-S']
416,0.102272727273,['GI_13376690-S']
417,0.102272727273,['GI_13376700-S']
418,0.102272727273,['GI_13376724-S']
419,0.102272727273,['GI_13376746-S']
420,0.102272727273,['GI_13376748-S']
421,0.102272727273,['GI_13376750-S']
422,0.102272727273,['GI_13376815-S']
423,0.102272727273,['GI_13376833-S']
424,0.102272727273,['GI_13376839-S']
425,0.102272727273,['GI_13376847-S']
426,0.102272727273,['GI_13376853-S']
427,0.102272727273,['GI_13376859-S']
428,0.102272727273,['GI_13376875-S']
429,0.102272727273,['GI_13376877-S']
430,0.102272727273,['GI_13376994-S']
431,0.102272727273,['GI_13376995-S']
432,0.102272727273,['GI_13377003-S']
433,0.102272727273,['GI_13384595-S']
434,0.102272727273,['GI_13384599-S']
435,0.102272727273,['GI_13384601-S']
436,0.102272727273,['GI_13385593-S']
437,0.102272727273,['GI_13386483-S']
438,0.102272727273,['GI_13386487-S']
439,0.102272727273,['GI_13386499-A']
440,0.102272727273,['GI_13399321-S']
441,0.102272727273,['GI_13430847-S']
442,0.102272727273,['GI_13430855-S']
443,0.102272727273,['GI_13430859-S']
444,0.102272727273,['GI_13430863-A']
445,0.102272727273,['GI_13430867-S']
446,0.102272727273,['GI_13430873-S']
447,0.102272727273,['GI_13430881-A']
448,0.102272727273,['GI_13435128-S']
449,0.102272727273,['GI_13435144-S']
450,0.102272727273,['GI_13435160-A']
451,0.102272727273,['GI_13435349-A']
452,0.102272727273,['GI_13435355-S']
453,0.102272727273,['GI_13435358-S']
454,0.102272727273,['GI_13435378-S']
455,0.102272727273,['GI_13435380-S']
456,0.102272727273,['GI_13435384-S']
457,0.102272727273,['GI_13442997-S']
458,0.102272727273,['GI_13443001-S']
459,0.102272727273,['GI_13443017-S']
460,0.102272727273,['GI_13443032-A']
461,0.102272727273,['GI_13449266-S']
462,0.102272727273,['GI_13470085-S']
463,0.102272727273,['GI_13470091-S']
464,0.102272727273,['GI_13489082-S']
465,0.102272727273,['GI_13489098-S']
466,0.102272727273,['GI_13491165-S']
467,0.102272727273,['GI_13491167-S']
468,0.102272727273,['GI_13514812-I']
469,0.102272727273,['GI_13514816-A']
470,0.102272727273,['GI_13514821-A']
471,0.102272727273,['GI_13514826-S']
472,0.102272727273,['GI_13514830-S']
473,0.102272727273,['GI_13518012-A']
474,0.102272727273,['GI_13518022-S']
475,0.102272727273,['GI_13518031-S']
476,0.102272727273,['GI_13518038-A']
477,0.102272727273,['GI_13518227-S']
478,0.102272727273,['GI_13540472-S']
479,0.102272727273,['GI_13540508-S']
480,0.102272727273,['GI_13540514-S']
481,0.102272727273,['GI_13540520-S']
482,0.102272727273,['GI_13540554-S']
483,0.102272727273,['GI_13540575-S']
484,0.102272727273,['GI_13540593-S']
485,0.102272727273,['GI_13540601-S']
486,0.102272727273,['GI_13540611-S']
487,0.102272727273,['GI_13569839-S']
488,0.102272727273,['GI_13569844-S']
489,0.102272727273,['GI_13569857-S']
490,0.102272727273,['GI_13569865-S']
491,0.102272727273,['GI_13569869-S']
492,0.102272727273,['GI_13569888-S']
493,0.102272727273,['GI_13569947-S']
494,0.102272727273,['GI_13569955-S']
495,0.102272727273,['GI_13654234-A']
496,0.102272727273,['GI_13654273-S']
497,0.102272727273,['GI_13654275-S']
498,0.102272727273,['GI_13654285-S']
499,0.102272727273,['GI_13676856-S']
500,0.102272727273,['GI_13677215-A']
501,0.102272727273,['GI_13699812-I']
502,0.102272727273,['GI_13699820-S']
503,0.102272727273,['GI_13699821-S']
504,0.102272727273,['GI_13699837-S']
505,0.102272727273,['GI_13699861-S']
506,0.102272727273,['GI_13699866-S']
507,0.102272727273,['GI_13775165-S']
508,0.102272727273,['GI_13775195-S']
509,0.102272727273,['GI_13775201-S']
510,0.102272727273,['GI_13775219-S']
511,0.102272727273,['GI_13775223-S']
512,0.102272727273,['GI_13775598-S']
513,0.102272727273,['GI_13775601-A']
514,0.102272727273,['GI_13775603-S']
515,0.102272727273,['GI_13786122-S']
516,0.102272727273,['GI_13787188-A']
517,0.102272727273,['GI_13787192-S']
518,0.102272727273,['GI_13787194-S']
519,0.102272727273,['GI_13787208-S']
520,0.102272727273,['GI_13787213-I']
521,0.102272727273,['GI_13787214-I']
522,0.102272727273,['GI_13899218-S']
523,0.102272727273,['GI_13899226-S']
524,0.102272727273,['GI_13899232-S']
525,0.102272727273,['GI_13899238-S']
526,0.102272727273,['GI_13899240-S']
527,0.102272727273,['GI_13899252-S']
528,0.102272727273,['GI_13899280-S']
529,0.102272727273,['GI_13899296-S']
530,0.102272727273,['GI_13899304-S']
531,0.102272727273,['GI_13899314-S']
532,0.102272727273,['GI_13899316-S']
533,0.102272727273,['GI_13899326-S']
534,0.102272727273,['GI_13899331-S']
535,0.102272727273,['GI_13899341-S']
536,0.102272727273,['GI_13904863-S']
537,0.102272727273,['GI_13904867-S']
538,0.102272727273,['GI_13904868-S']
539,0.102272727273,['GI_13904869-S']
540,0.102272727273,['GI_13929427-S']
541,0.102272727273,['GI_13929463-A']
542,0.102272727273,['GI_13929468-S']
543,0.102272727273,['GI_13929469-S']
544,0.102272727273,['GI_13929470-S']
545,0.102272727273,['GI_13929472-S']
546,0.102272727273,['GI_13937360-S']
547,0.102272727273,['GI_13994241-S']
548,0.102272727273,['GI_13994260-S']
549,0.102272727273,['GI_13994272-S']
550,0.102272727273,['GI_13994281-S']
551,0.102272727273,['GI_13994286-S']
552,0.102272727273,['GI_13994299-S']
553,0.102272727273,['GI_14042922-S']
554,0.102272727273,['GI_14042940-S']
555,0.102272727273,['GI_14042952-S']
556,0.102272727273,['GI_14042963-S']
557,0.102272727273,['GI_14042967-S']
558,0.102272727273,['GI_14042969-S']
559,0.102272727273,['GI_14042973-S']
560,0.102272727273,['GI_14043021-S']
561,0.102272727273,['GI_14043023-S']
562,0.102272727273,['GI_14043025-S']
563,0.102272727273,['GI_14043031-A']
564,0.102272727273,['GI_14043068-S']
565,0.102272727273,['GI_14043073-A']
566,0.102272727273,['GI_14110370-S']
567,0.102272727273,['GI_14110374-A']
568,0.102272727273,['GI_14110380-I']
569,0.102272727273,['GI_14110389-A']
570,0.102272727273,['GI_14110394-S']
571,0.102272727273,['GI_14110401-A']
572,0.102272727273,['GI_14110406-A']
573,0.102272727273,['GI_14110410-I']
574,0.102272727273,['GI_14110413-A']
575,0.102272727273,['GI_14110425-S']
576,0.102272727273,['GI_14110430-A']
577,0.102272727273,['GI_14141149-S']
578,0.102272727273,['GI_14141153-A']
579,0.102272727273,['GI_14141158-A']
580,0.102272727273,['GI_14141160-A']
581,0.102272727273,['GI_14141164-S']
582,0.102272727273,['GI_14141165-A']
583,0.102272727273,['GI_14141169-S']
584,0.102272727273,['GI_14141173-S']
585,0.102272727273,['GI_14141179-S']
586,0.102272727273,['GI_14141180-S']
587,0.102272727273,['GI_14141188-S']
588,0.102272727273,['GI_14141189-S']
589,0.102272727273,['GI_14141191-S']
590,0.102272727273,['GI_14141192-S']
591,0.102272727273,['GI_14141194-S']
592,0.102272727273,['GI_14149608-S']
593,0.102272727273,['GI_14149614-S']
594,0.102272727273,['GI_14149616-S']
595,0.102272727273,['GI_14149626-S']
596,0.102272727273,['GI_14149628-S']
597,0.102272727273,['GI_14149656-S']
598,0.102272727273,['GI_14149666-S']
599,0.102272727273,['GI_14149670-S']
600,0.102272727273,['GI_14149674-S']
601,0.102272727273,['GI_14149676-S']
602,0.102272727273,['GI_14149679-S']
603,0.102272727273,['GI_14149687-S']
604,0.102272727273,['GI_14149701-S']
605,0.102272727273,['GI_14149711-S']
606,0.102272727273,['GI_14149715-S']
607,0.102272727273,['GI_14149719-S']
608,0.102272727273,['GI_14149723-S']
609,0.102272727273,['GI_14149729-S']
610,0.102272727273,['GI_14149741-S']
611,0.102272727273,['GI_14149782-S']
612,0.102272727273,['GI_14149798-S']
613,0.102272727273,['GI_14149802-S']
614,0.102272727273,['GI_14149804-S']
615,0.102272727273,['GI_14149806-S']
616,0.102272727273,['GI_14149858-S']
617,0.102272727273,['GI_14149862-A']
618,0.102272727273,['GI_14149874-S']
619,0.102272727273,['GI_14149901-S']
620,0.102272727273,['GI_14149903-I']
621,0.102272727273,['GI_14149929-S']
622,0.102272727273,['GI_14149955-S']
623,0.102272727273,['GI_14149980-S']
624,0.102272727273,['GI_14149984-S']
625,0.102272727273,['GI_14149986-S']
626,0.102272727273,['GI_14149994-S']
627,0.102272727273,['GI_14150026-S']
628,0.102272727273,['GI_14150028-S']
629,0.102272727273,['GI_14150030-S']
630,0.102272727273,['GI_14150034-S']
631,0.102272727273,['GI_14150038-S']
632,0.102272727273,['GI_14150040-S']
633,0.102272727273,['GI_14150046-S']
634,0.102272727273,['GI_14150048-S']
635,0.102272727273,['GI_14150051-S']
636,0.102272727273,['GI_14150053-S']
637,0.102272727273,['GI_14150057-S']
638,0.102272727273,['GI_14150059-S']
639,0.102272727273,['GI_14150063-S']
640,0.102272727273,['GI_14150079-S']
641,0.102272727273,['GI_14150081-S']
642,0.102272727273,['GI_14150089-S']
643,0.102272727273,['GI_14150093-S']
644,0.102272727273,['GI_14150097-S']
645,0.102272727273,['GI_14150099-S']
646,0.102272727273,['GI_14150127-S']
647,0.102272727273,['GI_14150131-S']
648,0.102272727273,['GI_14150133-S']
649,0.102272727273,['GI_14150136-S']
650,0.102272727273,['GI_14150138-S']
651,0.102272727273,['GI_14150140-S']
652,0.102272727273,['GI_14150142-S']
653,0.102272727273,['GI_14150170-S']
654,0.102272727273,['GI_14150184-S']
655,0.102272727273,['GI_14150188-S']
656,0.102272727273,['GI_14150190-S']
657,0.102272727273,['GI_14165257-S']
658,0.102272727273,['GI_14165271-S']
659,0.102272727273,['GI_14165285-S']
660,0.102272727273,['GI_14165436-A']
661,0.102272727273,['GI_14165451-A']
662,0.102272727273,['GI_14165455-A']
663,0.102272727273,['GI_14165459-A']
664,0.102272727273,['GI_14165460-I']
665,0.102272727273,['GI_14165467-S']
666,0.102272727273,['GI_14165470-S']
667,0.102272727273,['GI_14165471-S']
668,0.102272727273,['GI_14192942-S']
669,0.102272727273,['GI_14195610-S']
670,0.102272727273,['GI_14195617-A']
671,0.102272727273,['GI_14195633-S']
672,0.102272727273,['GI_14210509-S']
673,0.102272727273,['GI_14211539-S']
674,0.102272727273,['GI_14211842-S']
675,0.102272727273,['GI_14211844-S']
676,0.102272727273,['GI_14211858-S']
677,0.102272727273,['GI_14211872-S']
678,0.102272727273,['GI_14211888-S']
679,0.102272727273,['GI_14211922-S']
680,0.102272727273,['GI_14249125-S']
681,0.102272727273,['GI_14249127-S']
682,0.102272727273,['GI_14249149-S']
683,0.102272727273,['GI_14249161-S']
684,0.102272727273,['GI_14249177-S']
685,0.102272727273,['GI_14249217-S']
686,0.102272727273,['GI_14249239-S']
687,0.102272727273,['GI_14249251-S']
688,0.102272727273,['GI_14249259-S']
689,0.102272727273,['GI_14249273-S']
690,0.102272727273,['GI_14249303-S']
691,0.102272727273,['GI_14249307-S']
692,0.102272727273,['GI_14249309-S']
693,0.102272727273,['GI_14249315-S']
694,0.102272727273,['GI_14249381-S']
695,0.102272727273,['GI_14249383-S']
696,0.102272727273,['GI_14249445-S']
697,0.102272727273,['GI_14249449-S']
698,0.102272727273,['GI_14249457-S']
699,0.102272727273,['GI_14249467-I']
700,0.102272727273,['GI_14249477-S']
701,0.102272727273,['GI_14249499-S']
702,0.102272727273,['GI_14249503-S']
703,0.102272727273,['GI_14249519-S']
704,0.102272727273,['GI_14249531-S']
705,0.102272727273,['GI_14249533-S']
706,0.102272727273,['GI_14249535-S']
707,0.102272727273,['GI_14249537-S']
708,0.102272727273,['GI_14249549-S']
709,0.102272727273,['GI_14249551-S']
710,0.102272727273,['GI_14249553-S']
711,0.102272727273,['GI_14249557-S']
712,0.102272727273,['GI_14249567-S']
713,0.102272727273,['GI_14249569-S']
714,0.102272727273,['GI_14249581-S']
715,0.102272727273,['GI_14249619-S']
716,0.102272727273,['GI_14249631-S']
717,0.102272727273,['GI_14249635-S']
718,0.102272727273,['GI_14249703-S']
719,0.102272727273,['GI_14249707-A']
720,0.102272727273,['GI_14251208-S']
721,0.102272727273,['GI_14251213-S']
722,0.102272727273,['GI_14270477-I']
723,0.102272727273,['GI_14277673-S']
724,0.102272727273,['GI_14277689-S']
725,0.102272727273,['GI_14277699-S']
726,0.102272727273,['GI_14456711-S']
727,0.102272727273,['GI_14456712-S']
728,0.102272727273,['GI_14574565-A']
729,0.102272727273,['GI_14574567-I']
730,0.102272727273,['GI_14574571-S']
731,0.102272727273,['GI_14577927-S']
732,0.102272727273,['GI_14589846-S']
733,0.102272727273,['GI_14589853-A']
734,0.102272727273,['GI_14589859-I']
735,0.102272727273,['GI_14589873-A']
736,0.102272727273,['GI_14589875-A']
737,0.102272727273,['GI_14589888-S']
738,0.102272727273,['GI_14589898-S']
739,0.102272727273,['GI_14589910-A']
740,0.102272727273,['GI_14589915-I']
741,0.102272727273,['GI_14589926-S']
742,0.102272727273,['GI_14589934-I']
743,0.102272727273,['GI_14589948-S']
744,0.102272727273,['GI_14589950-S']
745,0.102272727273,['GI_14589952-S']
746,0.102272727273,['GI_14589954-S']
747,0.102272727273,['GI_14589955-S']
748,0.102272727273,['GI_14591905-S']
749,0.102272727273,['GI_14591906-S']
750,0.102272727273,['GI_14591907-S']
751,0.102272727273,['GI_14591908-S']
752,0.102272727273,['GI_14591910-S']
753,0.102272727273,['GI_14591911-S']
754,0.102272727273,['GI_14591913-S']
755,0.102272727273,['GI_14591914-S']
756,0.102272727273,['GI_14591915-S']
757,0.102272727273,['GI_14591916-S']
758,0.102272727273,['GI_14591917-S']
759,0.102272727273,['GI_14591918-S']
760,0.102272727273,['GI_14591930-S']
761,0.102272727273,['GI_14591931-S']
762,0.102272727273,['GI_14591932-S']
763,0.102272727273,['GI_14591933-S']
764,0.102272727273,['GI_14591934-S']
765,0.102272727273,['GI_14600335-S']
766,0.102272727273,['GI_14602425-S']
767,0.102272727273,['GI_14602440-A']
768,0.102272727273,['GI_14602451-S']
769,0.102272727273,['GI_14670363-I']
770,0.102272727273,['GI_14670372-A']
771,0.102272727273,['GI_14670374-S']
772,0.102272727273,['GI_14670384-S']
773,0.102272727273,['GI_14670385-S']
774,0.102272727273,['GI_14670387-A']
775,0.102272727273,['GI_14670391-A']
776,0.102272727273,['GI_14670393-I']
777,0.102272727273,['GI_14670395-A']
778,0.102272727273,['GI_14702161-A']
779,0.102272727273,['GI_14702170-I']
780,0.102272727273,['GI_14702172-A']
781,0.102272727273,['GI_14702179-A']
782,0.102272727273,['GI_14702185-A']
783,0.102272727273,['GI_14717406-S']
784,0.102272727273,['GI_14719425-S']
785,0.102272727273,['GI_14719429-S']
786,0.102272727273,['GI_14734386-S']
787,0.102272727273,['GI_14758391-S']
788,0.102272727273,['GI_14769619-S']
789,0.102272727273,['GI_14790114-A']
790,0.102272727273,['GI_14790127-A']
791,0.102272727273,['GI_14790137-S']
792,0.102272727273,['GI_14790142-S']
793,0.102272727273,['GI_14790166-A']
794,0.102272727273,['GI_14790189-S']
795,0.102272727273,['GI_14861835-A']
796,0.102272727273,['GI_14916472-S']
797,0.102272727273,['GI_14916487-I']
798,0.102272727273,['GI_14916502-A']
799,0.102272727273,['GI_14916517-S']
800,0.102272727273,['GI_14916518-S']
801,0.102272727273,['GI_14917108-S']
802,0.102272727273,['GI_14917110-S']
803,0.102272727273,['GI_14917112-S']
804,0.102272727273,['GI_14971410-A']
805,0.102272727273,['GI_14971414-S']
806,0.102272727273,['GI_14971416-S']
807,0.102272727273,['GI_15011899-A']
808,0.102272727273,['GI_15011912-S']
809,0.102272727273,['GI_15011915-A']
810,0.102272727273,['GI_15011917-S']
811,0.102272727273,['GI_15011919-S']
812,0.102272727273,['GI_15011920-S']
813,0.102272727273,['GI_15011921-S']
814,0.102272727273,['GI_15011927-A']
815,0.102272727273,['GI_15011935-S']
816,0.102272727273,['GI_15011937-S']
817,0.102272727273,['GI_15011938-S']
818,0.102272727273,['GI_15011940-A']
819,0.102272727273,['GI_15011942-S']
820,0.102272727273,['GI_15011973-S']
821,0.102272727273,['GI_15011978-A']
822,0.102272727273,['GI_15022798-S']
823,0.102272727273,['GI_15022800-A']
824,0.102272727273,['GI_15055538-S']
825,0.102272727273,['GI_15055542-S']
826,0.102272727273,['GI_15100150-S']
827,0.102272727273,['GI_15147227-S']
828,0.102272727273,['GI_15147249-S']
829,0.102272727273,['GI_15147251-S']
830,0.102272727273,['GI_15147332-S']
831,0.102272727273,['GI_15149469-S']
832,0.102272727273,['GI_15150808-S']
833,0.102272727273,['GI_15193293-S']
834,0.102272727273,['GI_15208653-S']
835,0.102272727273,['GI_15208655-A']
836,0.102272727273,['GI_15431287-S']
837,0.102272727273,['GI_15431289-S']
838,0.102272727273,['GI_15431291-S']
839,0.102272727273,['GI_15431292-S']
840,0.102272727273,['GI_15431296-A']
841,0.102272727273,['GI_15431298-S']
842,0.102272727273,['GI_15431299-S']
843,0.102272727273,['GI_15431300-S']
844,0.102272727273,['GI_15431302-S']
845,0.102272727273,['GI_15431304-A']
846,0.102272727273,['GI_15431308-S']
847,0.102272727273,['GI_15451787-S']
848,0.102272727273,['GI_15451788-S']
849,0.102272727273,['GI_15451837-A']
850,0.102272727273,['GI_15451843-I']
851,0.102272727273,['GI_15451851-A']
852,0.102272727273,['GI_15451865-A']
853,0.102272727273,['GI_15451871-S']
854,0.102272727273,['GI_15451873-I']
855,0.102272727273,['GI_15451891-S']
856,0.102272727273,['GI_15451900-S']
857,0.102272727273,['GI_15451903-S']
858,0.102272727273,['GI_15451905-S']
859,0.102272727273,['GI_15451906-S']
860,0.102272727273,['GI_15451913-S']
861,0.102272727273,['GI_15451924-S']
862,0.102272727273,['GI_15451934-I']
863,0.102272727273,['GI_15451941-S']
864,0.102272727273,['GI_15529981-S']
865,0.102272727273,['GI_15553096-S']
866,0.102272727273,['GI_15559208-S']
867,0.102272727273,['GI_15619005-S']
868,0.102272727273,['GI_15718672-S']
869,0.102272727273,['GI_15718674-S']
870,0.102272727273,['GI_15718677-S']
871,0.102272727273,['GI_15718683-S']
872,0.102272727273,['GI_15718686-S']
873,0.102272727273,['GI_15718688-A']
874,0.102272727273,['GI_15718764-I']
875,0.102272727273,['GI_15718766-A']
876,0.102272727273,['GI_15721936-S']
877,0.102272727273,['GI_15743546-S']
878,0.102272727273,['GI_15812179-S']
879,0.102272727273,['GI_15812185-I']
880,0.102272727273,['GI_15812192-S']
881,0.102272727273,['GI_15812197-S']
882,0.102272727273,['GI_15812199-A']
883,0.102272727273,['GI_15812207-S']
884,0.102272727273,['GI_15812218-S']
885,0.102272727273,['GI_15812219-S']
886,0.102272727273,['GI_15812220-S']
887,0.102272727273,['GI_15834623-S']
888,0.102272727273,['GI_15890084-A']
889,0.102272727273,['GI_15967155-A']
890,0.102272727273,['GI_15967158-A']
891,0.102272727273,['GI_16117778-A']
892,0.102272727273,['GI_16117778-I']
893,0.102272727273,['GI_16117780-I']
894,0.102272727273,['GI_16117786-A']
895,0.102272727273,['GI_16117790-S']
896,0.102272727273,['GI_16117792-S']
897,0.102272727273,['GI_16117795-A']
898,0.102272727273,['GI_16157523-S']
899,0.102272727273,['GI_16159362-S']
900,0.102272727273,['GI_16262451-S']
901,0.102272727273,['GI_16306497-A']
902,0.102272727273,['GI_16306499-A']
903,0.102272727273,['GI_16306505-S']
904,0.102272727273,['GI_16306529-S']
905,0.102272727273,['GI_16306540-S']
906,0.102272727273,['GI_16306542-A']
907,0.102272727273,['GI_16306547-S']
908,0.102272727273,['GI_16306549-S']
909,0.102272727273,['GI_16306551-S']
910,0.102272727273,['GI_16306560-S']
911,0.102272727273,['GI_16306561-S']
912,0.102272727273,['GI_16306562-S']
913,0.102272727273,['GI_16306563-S']
914,0.102272727273,['GI_16306569-S']
915,0.102272727273,['GI_16306579-S']
916,0.102272727273,['GI_16306581-S']
917,0.102272727273,['GI_16306583-S']
918,0.102272727273,['GI_16306593-I']
919,0.102272727273,['GI_16332359-A']
920,0.102272727273,['GI_16357470-I']
921,0.102272727273,['GI_16357471-A']
922,0.102272727273,['GI_16357473-S']
923,0.102272727273,['GI_16357476-S']
924,0.102272727273,['GI_16357499-S']
925,0.102272727273,['GI_16418033-S']
926,0.102272727273,['GI_16418350-S']
927,0.102272727273,['GI_16418376-S']
928,0.102272727273,['GI_16418400-S']
929,0.102272727273,['GI_16418408-S']
930,0.102272727273,['GI_16418454-S']
931,0.102272727273,['GI_16445028-S']
932,0.102272727273,['GI_16445355-S']
933,0.102272727273,['GI_16445392-S']
934,0.102272727273,['GI_16445394-S']
935,0.102272727273,['GI_16445410-A']
936,0.102272727273,['GI_16445417-S']
937,0.102272727273,['GI_16445420-A']
938,0.102272727273,['GI_16445423-S']
939,0.102272727273,['GI_16445433-S']
940,0.102272727273,['GI_16445440-S']
941,0.102272727273,['GI_16506300-S']
942,0.102272727273,['GI_16506819-S']
943,0.102272727273,['GI_16507197-S']
944,0.102272727273,['GI_16507207-S']
945,0.102272727273,['GI_16507961-I']
946,0.102272727273,['GI_16507965-S']
947,0.102272727273,['GI_16507966-S']
948,0.102272727273,['GI_16507968-S']
949,0.102272727273,['GI_16554567-A']
950,0.102272727273,['GI_16554575-S']
951,0.102272727273,['GI_16554576-S']
952,0.102272727273,['GI_16554580-S']
953,0.102272727273,['GI_16554581-S']
954,0.102272727273,['GI_16554588-A']
955,0.102272727273,['GI_16554591-A']
956,0.102272727273,['GI_16554595-A']
957,0.102272727273,['GI_16554600-S']
958,0.102272727273,['GI_16554601-S']
959,0.102272727273,['GI_16554602-S']
960,0.102272727273,['GI_16554603-S']
961,0.102272727273,['GI_16554605-S']
962,0.102272727273,['GI_16554608-I']
963,0.102272727273,['GI_16554610-S']
964,0.102272727273,['GI_16554612-S']
965,0.102272727273,['GI_16554613-S']
966,0.102272727273,['GI_16554617-S']
967,0.102272727273,['GI_16554624-A']
968,0.102272727273,['GI_16554626-I']
969,0.102272727273,['GI_16579882-S']
970,0.102272727273,['GI_16579884-S']
971,0.102272727273,['GI_16579891-A']
972,0.102272727273,['GI_16596685-S']
973,0.102272727273,['GI_16596687-S']
974,0.102272727273,['GI_16604251-S']
975,0.102272727273,['GI_16753206-S']
976,0.102272727273,['GI_16753213-S']
977,0.102272727273,['GI_16753216-A']
978,0.102272727273,['GI_16753217-S']
979,0.102272727273,['GI_16753224-S']
980,0.102272727273,['GI_16753226-S']
981,0.102272727273,['GI_16753228-S']
982,0.102272727273,['GI_16753232-S']
983,0.102272727273,['GI_16904380-S']
984,0.102272727273,['GI_16905502-A']
985,0.102272727273,['GI_16905508-A']
986,0.102272727273,['GI_16905511-S']
987,0.102272727273,['GI_16905512-S']
988,0.102272727273,['GI_16905513-S']
989,0.102272727273,['GI_16905514-S']
990,0.102272727273,['GI_16905521-A']
991,0.102272727273,['GI_16905521-I']
992,0.102272727273,['GI_16905527-A']
993,0.102272727273,['GI_16915933-A']
994,0.102272727273,['GI_16933538-A']
995,0.102272727273,['GI_16933539-S']
996,0.102272727273,['GI_16933541-I']
997,0.102272727273,['GI_16933547-A']
998,0.102272727273,['GI_16933562-S']
